{"cameraMode":{"drawMode":0,"name":"Shaded","section":"Shading Mode"},"sceneLighting":true,"audioPlay":false,"sceneViewState":{"m_AlwaysRefresh":false,"showFog":true,"showSkybox":true,"showFlares":true,"showImageEffects":true,"showParticleSystems":true,"showVisualEffectGraphs":true,"m_FxEnabled":true},"in2DMode":false,"pivot":{"x":45.405860900878909,"y":45.13945770263672,"z":233.31552124023438},"rotation":{"x":-0.01825566589832306,"y":0.9800848364830017,"z":-0.1665266454219818,"w":-0.10712892562150955},"size":2.7339744567871095,"orthographic":false}