{"cameraMode":{"drawMode":0,"name":"Shaded","section":"Shading Mode"},"sceneLighting":true,"audioPlay":false,"sceneViewState":{"m_AlwaysRefresh":false,"showFog":true,"showSkybox":true,"showFlares":true,"showImageEffects":true,"showParticleSystems":true,"showVisualEffectGraphs":true,"m_FxEnabled":true},"in2DMode":false,"pivot":{"x":-123.15214538574219,"y":2.076087713241577,"z":146.48318481445313},"rotation":{"x":-0.1084618866443634,"y":-0.3902914524078369,"z":0.04708968475461006,"w":-0.9132307171821594},"size":0.23432624340057374,"orthographic":false}