{"cameraMode":{"drawMode":0,"name":"Shaded","section":"Shading Mode"},"sceneLighting":false,"audioPlay":false,"sceneViewState":{"m_AlwaysRefresh":false,"showFog":true,"showSkybox":false,"showFlares":true,"showImageEffects":true,"showParticleSystems":true,"showVisualEffectGraphs":true,"m_FxEnabled":true},"in2DMode":false,"pivot":{"x":-16.255596160888673,"y":0.7202233076095581,"z":-12.46827220916748},"rotation":{"x":0.007484519854187965,"y":0.9925856590270996,"z":-0.08657113462686539,"w":0.08535631746053696},"size":0.8660253882408142,"orthographic":false}