{"cameraMode":{"drawMode":0,"name":"Shaded","section":"Shading Mode"},"sceneLighting":false,"audioPlay":false,"sceneViewState":{"m_AlwaysRefresh":false,"showFog":true,"showSkybox":false,"showFlares":true,"showImageEffects":true,"showParticleSystems":true,"showVisualEffectGraphs":true,"m_FxEnabled":true},"in2DMode":false,"pivot":{"x":-15.747209548950196,"y":2.0592267513275148,"z":-9.099382400512696},"rotation":{"x":-0.004041724372655153,"y":-0.9954553246498108,"z":-0.08230872452259064,"w":0.048434942960739139},"size":0.8660253882408142,"orthographic":false}