{"cameraMode":{"drawMode":0,"name":"Shaded","section":"Shading Mode"},"sceneLighting":true,"audioPlay":false,"sceneViewState":{"m_AlwaysRefresh":false,"showFog":true,"showSkybox":true,"showFlares":true,"showImageEffects":true,"showParticleSystems":true,"showVisualEffectGraphs":true,"m_FxEnabled":true},"in2DMode":false,"pivot":{"x":389.8379211425781,"y":228.06578063964845,"z":128.81906127929688},"rotation":{"x":-0.11642646789550781,"y":0.001171836513094604,"z":0.00012813613284379244,"w":0.9932088851928711},"size":283.5462951660156,"orthographic":false}