{"cameraMode":{"drawMode":0,"name":"Shaded","section":"Shading Mode"},"sceneLighting":false,"audioPlay":false,"sceneViewState":{"m_AlwaysRefresh":false,"showFog":true,"showSkybox":false,"showFlares":true,"showImageEffects":true,"showParticleSystems":true,"showVisualEffectGraphs":true,"m_FxEnabled":true},"in2DMode":false,"pivot":{"x":94.52778625488281,"y":22.360925674438478,"z":171.4698944091797},"rotation":{"x":0.015194562263786793,"y":-0.703818142414093,"z":-0.014500828459858895,"w":-0.7102372050285339},"size":10.458026885986329,"orthographic":false}